Year,Consumer price index (2010 = 100),GDP (constant LCU),GDP (current LCU),GDP growth (annual %),GDP per capita (current US$),GDP per capita growth (annual %),"Inflation, GDP deflator (annual %)","Inflation, consumer prices (annual %)",Livestock production index (2014-2016 = 100),"Official exchange rate (LCU per US$, period average)","Total reserves (includes gold, current US$)","Population, total","Population, female","Population, male",Population ages 0-14 (% of total population),Population ages 15-64 (% of total population),Population ages 65 and above (% of total population),Trade Openness Index(%),Crude oil price(per barrel in $),Cumulative crude oil production up to and including year,Narrow Money,Money Supply M3,Net Foreign Assets,Net Domestic Credit,Credit to Government,Credit to Private Sector,Base Money,Currency in Circulation,Bank Reserves,Currency Outside Banks,Demand Deposits,Quasi Money,Net Domestic Assets,Other Assets Net,Money Supply M2,CBN Bills,Special Intervention Reserves,GDPBillions of US $,Per CapitaUS $,Growth RateAnnual % Change,Petrol Price (Naira),Food imports (% of merchandise imports),Food exports (% of merchandise imports),Regime Type,ECONOMIC ERA,Constitution 
1960,0.07,9.28E+12,2997268700,0.19,93.4,-1.83,6.26,5.44,17.19,0.71,343000000,44928342,22509554,22418787,41.01,55.67,3.33,26.17,1.63,12318,217.61,30368977.77,150.28,117.63,8.3,109.33,157.05,154.15,2.9,135.32,82.28,54.79,122.12,4.49,272.4,2447132.17,258214.99,4.2,93.4,0,0.05,14.13,64.52,Monarchy,Normal,Mornachy
1961,0.07,9.30E+12,3190921200,0.19,97.42,-1.83,6.26,6.28,17.19,0.71,307070650,45855507,22972267,22883240,40.98,55.68,3.34,25.49,1.57,29108,222.32,30368977.77,163.63,143.77,26.64,117.13,166.96,160.19,6.76,138.2,84.12,70.51,129.2,-14.56,292.83,2447132.17,258214.99,4.47,97.42,0.19,0.05,14.13,64.52,Monarchy,Normal,Mornachy
1962,0.07,9.68E+12,3506715100,4.1,104.85,1.95,5.57,5.27,15.71,0.71,289024970,46821845,23454102,23367743,40.99,55.65,3.36,21.83,1.53,53745,242.14,30368977.77,156.34,187,38.22,148.78,177.51,174.66,2.85,149.96,92.18,83.29,169.09,-17.91,325.43,2447132.17,258214.99,4.91,104.85,4.1,0.05,14.13,64.52,Monarchy,Normal,Mornachy
1963,0.07,1.05E+13,3689708800,8.58,108.02,6.31,-3.09,-2.69,15.95,0.71,210030680,47822569,23952407,23870161,41.07,55.55,3.37,22.32,1.5,81668,267.55,30368977.77,133.45,237.57,67.07,170.5,185.46,183.3,2.16,168.98,98.57,94.27,228.37,-9.2,361.82,2447132.17,258214.99,5.17,108.02,8.58,0.05,12.14,62.31,Presidency,Normal,First
1964,0.07,1.10E+13,3966381100,4.95,113.66,2.73,2.43,0.86,17.6,0.71,228053520,48856332,24467983,24388349,41.27,55.36,3.37,24.62,1.45,125661,316.06,30368977.77,124.89,306.08,83.13,222.96,217.02,214.71,2.31,197.89,118.17,114.43,305.59,-0.49,430.49,2447132.17,258214.99,5.55,113.66,4.95,0.05,9.24,61,Presidency,Normal,First
1965,0.08,1.16E+13,4196100000,4.88,117.67,2.64,0.86,4.1,18.54,0.71,239053520,49925799,25001034,24924766,41.45,55.18,3.37,26.91,1.42,225744,326.36,30368977.77,154.6,313.09,80.48,232.61,220.48,217.89,2.6,200.94,125.41,141.02,312.78,-0.31,467.37,2447132.17,258214.99,5.87,117.67,4.89,0.05,9.14,54.38,Presidency,Normal,First
1966,0.08,1.11E+13,4547800000,-4.25,124.79,-6.3,13.19,9.69,18.07,0.71,215353490,51020296,25544212,25476085,41.58,55.06,3.36,25.04,1.36,378168,355.62,30368977.77,126.49,381.74,136.18,245.56,239.87,236.51,3.36,217.17,138.45,162.52,391.65,9.91,518.14,2447132.17,258214.99,6.37,124.79,-4.25,0.05,11.02,46.87,Presidency,Normal,First
1967,0.08,9.33E+12,3716600000,-15.74,99.86,-17.5,-3.01,-3.73,20.08,0.71,112359200,52106681,26089879,26016803,41.72,54.94,3.34,28.49,1.33,494640,320.09,30368977.77,46.72,432.86,191.35,241.51,226.73,220.95,5.78,207.42,112.67,131.24,404.61,-28.25,451.34,2447132.17,258214.99,5.2,99.86,-15.74,0.05,10.47,51.12,Military,Civil war,Military
1968,0.08,9.21E+12,3715000000,-1.25,97.74,-3.3,1.22,-0.48,19.82,0.71,121194900,53210119,26650321,26559798,41.87,54.82,3.32,25.66,1.32,546355,331.76,30368977.77,64.16,574.25,351.41,222.84,205.67,202.16,3.51,183.1,148.67,183.55,451.16,-123.09,515.31,2447132.17,258214.99,5.2,97.74,-1.25,0.05,8.1,63.29,Military,Civil war,Military
1969,0.09,1.14E+13,4738800000,24.2,122.04,21.57,2.71,10.16,23.16,0.71,132459200,54360750,27231346,27129404,42.01,54.69,3.3,26.82,1.27,743565,444.99,30368977.77,87.8,761.94,512.19,249.74,277.91,273.23,4.68,252.71,192.28,215.41,572.59,-189.34,660.4,2447132.17,258214.99,6.63,122.04,24.2,0.05,8.78,42.1,Military,Civil war,Military
1970,0.1,1.43E+13,8961500000,25.01,225.77,22.29,51.28,13.76,23.85,0.71,223498270,55569264,27832848,27736415,42.14,54.58,3.28,19.62,1.21,1138896,641.5,30368977.77,128.15,1120.3,768.6,351.7,388.9,370.4,18.5,342.4,299.1,336.7,850,-270.3,978.2,2447132.17,258214.99,12.55,225.77,25.01,0.15,8.24,31.35,Military,Normal,Military
1971,0.12,1.63E+13,10375400000,14.24,161.54,11.69,1.35,16,23.45,0.71,431942650.8,56837614,28455645,28381969,42.29,54.44,3.27,24.46,1.7,1697784,670,30368977.77,267.5,1099.2,597.2,502,392.8,386.4,6.4,354.4,315.6,371.8,774.3,-324.9,1041.8,2447132.17,258214.99,9.18,161.54,14.24,0.15,8.63,19.45,Military,Normal,Military
1972,0.12,1.69E+13,11034700000,3.36,211,0.99,2.89,3.46,21.78,0.66,390711738.6,58173834,29110253,29063582,42.46,54.28,3.26,22.76,1.82,2362331,747.4,30368977.77,229.5,1235,606.3,628.7,428.9,414,14.9,385.2,362.2,467.5,985.4,-249.6,1214.9,2447132.17,258214.99,12.27,211,3.36,0.15,10.14,12.8,Military,Normal,Military
1973,0.13,1.78E+13,12251600000,5.39,254.39,2.86,5.35,5.4,25.79,0.66,622853179.5,59605446,29810714,29794732,42.63,54.11,3.25,31.27,2.7,3112150,925.8,30368977.77,403,1316.9,563.3,753.6,501.7,486.3,15.4,435.9,489.9,596.7,1119.5,-197.4,1522.5,2447132.17,258214.99,15.16,254.39,5.39,0.15,10.82,11.76,Military,Normal,Military
1974,0.14,1.98E+13,19604000000,11.16,406.27,8.34,43.95,12.67,27.79,0.63,5708969927,61157931,30570032,30587900,42.82,53.93,3.24,39.75,11,3935225,1357.2,30368977.77,3492.5,-310.3,-1277,966.7,744.1,638.7,105.4,569.9,787.3,995.1,-1140.2,-829.9,2352.3,2447132.17,258214.99,24.85,406.27,11.16,0.15,9.53,5.07,Military,Normal,Military
1975,0.19,1.88E+13,22945400000,-5.23,441.98,-7.78,23.5,33.96,27.98,0.62,5665692312,62851312,31400270,31451041,43.02,53.74,3.23,41.17,10.43,4586093,2605.4,30368977.77,3533.2,1217.9,-453.9,1671.8,1859.4,1155.5,703.9,1030.7,1574.7,1635.8,708,-509.9,4241.2,2447132.17,258214.99,27.78,441.98,-5.23,0.15,9.38,5.17,Military,Recession,Military
1976,0.24,2.05E+13,28611400000,9.04,561.55,5.99,14.35,24.3,33.58,0.63,5256784369,64658315,32288982,32369334,43.22,53.55,3.23,42.14,11.6,5342537,3864.1,30368977.77,3170.2,3309.9,845.5,2464.4,2445.2,1540,905.2,1351.2,2512.9,2041,2734.9,-575,5905.1,2447132.17,258214.99,36.31,561.55,9.04,0.15,10.11,4.47,Military,Normal,Military
1977,0.27,2.17E+13,33585000000,6.02,541.16,2.95,10.71,15.09,31.92,0.64,4335987601,66589655,33242253,33347403,43.42,53.36,3.22,47.4,12.5,6103598,5557.8,30368977.77,2722.3,5162.2,1353.8,3808.4,2792.6,2162.6,630,1940.8,3617,2341,5176.5,14.3,7898.8,2447132.17,258214.99,36.04,541.16,6.02,0.15,12.87,5.66,Military,Normal,Military
1978,0.33,2.04E+13,36053000000,-5.76,532.22,-8.57,13.91,21.71,34.08,0.64,2028808604,68633344,34254109,34379235,43.61,53.17,3.22,43.31,12.79,6796000,5260.7,30368977.77,1192.9,7017.4,2504.4,4513,2898.6,2381.7,516.9,2157.2,3103.5,2724.7,6792.5,-224.9,7985.4,2447132.17,258214.99,36.53,532.22,-5.76,0.15,14.13,7.53,Military,Recession,Military
1979,0.37,2.18E+13,42912000000,6.76,667.98,3.57,11.49,11.71,36.88,0.6,5899642026,70750307,35303291,35447016,43.82,52.97,3.21,43.88,29.19,7636228,6351.5,30368977.77,3232.2,8765.2,3365.6,5399.6,3083.4,2703.4,380,2350.8,4000.7,3873.1,6992.4,-1772.8,10224.6,2447132.17,258214.99,47.26,667.98,6.76,0.15,16.85,3.58,Military,Normal,Second
1980,0.41,2.27E+13,50270000100,4.2,880.06,1.06,12.42,9.97,44.84,0.55,10639786873,72951439,36394977,36556463,44,52.79,3.21,48.57,35.52,8389456,9650.7,30368977.77,5622,11025.6,3567.8,7457.8,4797.5,3589.5,1208,3185.9,6464.8,5449.3,9478,-1547.6,15100,2447132.17,258214.99,64.2,880.06,4.2,0.15,14.72,12.64,Presidency,Normal,Second
1981,0.49,1.97E+13,1.39E+11,-13.13,2187.89,-15.7,219,20.81,42.52,0.62,4168449636,75175387,37496717,37678670,44.19,52.61,3.21,18.17,34,8914910,9915.3,30368977.77,2585,16203.4,6532.9,9670.5,5026.1,4347.7,678.4,3861.9,6053.4,6246.4,13576.7,-2626.7,16161.7,2447132.17,258214.99,164.48,2187.89,-13.13,0.15,15.54,2.18,Presidency,Recession,Second
1982,0.53,1.84E+13,1.49E+11,-6.8,1844.85,-9.47,14.8,7.7,45.88,0.67,1926433779,77388067,38591740,38796327,44.39,52.4,3.21,13.78,32.38,9384665,10291.8,30368977.77,888.1,22272,10660.6,11611.4,5784.5,4728.9,1055.6,4222.5,6069.3,7801.8,17205.5,-5066.5,18093.6,2447132.17,258214.99,142.77,1844.85,-6.8,0.2,14.72,12.64,Presidency,Normal,Second
1983,0.65,1.64E+13,1.59E+11,-10.92,1223.6,-13.13,19.57,23.21,50.05,0.72,1251986799,79351586,39562984,39788602,44.6,52.19,3.2,10.04,29.04,9835623,11517.8,30368977.77,501.4,28687.9,16450.1,12237.8,6109.5,5299.3,810.2,4842.8,6675,9361.3,20377.7,-8310.2,20879.1,2447132.17,258214.99,97.09,1223.6,-10.92,0.2,21.55,3.77,Presidency,Normal,Second
1984,0.77,1.62E+13,1.66E+11,-1.12,903.45,-3.53,5.65,17.82,51.7,0.77,1674113905,81337553,40539974,40797578,44.78,52.02,3.2,9.38,28.2,10343631,12497.1,30368977.77,1110.7,32020.6,19125.3,12895.3,5915.6,5347.2,568.4,4883.5,7613.6,10872.9,22259.3,-9761.3,23370,2447132.17,258214.99,73.48,903.45,-1.12,0.2,21.29,2.73,Military,Normal,Military
1985,0.82,1.72E+13,1.88E+11,5.91,882.28,3.06,6.93,7.44,57.97,0.89,1891868244,83585251,41647954,41937296,44.9,51.89,3.21,10.39,27.01,10890729,13878,30368977.77,1418.4,34462.6,20323.6,14139,5715.1,5375,340.1,4909.9,8968.1,12399.6,24859.2,-9603.4,26277.6,2447132.17,258214.99,73.75,882.28,5.91,0.2,17.96,2.18,Military,Normal,Military
1986,0.87,1.72E+13,1.98E+11,0.06,638.73,-2.53,5.42,5.72,50.99,1.75,1349903027,85804185,42746686,43057499,44.98,51.81,3.21,9.14,13.53,11426038,13560.4,30368977.77,5367.8,37850.5,19550.6,18299.9,6666.4,5696.3,970.1,5177.9,8382.5,13829.4,22022,-15828.5,27389.8,2447132.17,258214.99,54.81,638.73,0.06,0.4,15.77,5.12,Military,Normal,Military
1987,0.97,1.77E+13,2.45E+11,3.2,598.29,0.57,19.67,11.29,52.07,4.02,1497832059,88044187,43855247,44188940,45,51.79,3.21,19.5,17.73,11908933,15195.7,30368977.77,3700.5,44140,22247.5,21892.5,8491.8,6854.9,1636.9,6298.6,8897.1,18471.7,29966.9,-14173.1,33667.4,2447132.17,258214.99,52.68,598.29,3.2,0.4,10.86,3.14,Military,Normal,Military
1988,1.49,1.90E+13,3.16E+11,7.33,549.5,4.59,20.18,54.51,50.34,4.54,932989776.5,90351467,44995084,45356384,44.96,51.83,3.21,16.94,14.24,12399867,22232.1,30368977.77,9492.4,54813.1,29340.6,25472.5,11740.6,10210.5,1530.1,9413.6,12818.5,23214.8,35954.5,-18858.6,45446.9,2447132.17,258214.99,49.65,549.5,7.33,0.4,14.72,12.64,Military,Normal,Military
1989,2.25,1.94E+13,4.15E+11,1.92,474.46,-0.71,28.97,50.47,49.55,7.36,2041078374,92744064,46175196,46568868,44.88,51.92,3.21,34.18,17.31,13026316,26268.8,30368977.77,22524.3,37004.2,7360.3,29643.9,11840.4,10722.4,1118,9760.6,16508.2,20786.2,24530.7,-12473.5,47055,2447132.17,258214.99,44,474.46,1.92,0.4,14.72,12.64,Military,Normal,Military
1990,2.41,2.17E+13,4.95E+11,11.78,567.52,8.88,6.67,7.36,50.35,8.04,4128789618,95214257,47392609,47821647,44.75,52.04,3.2,30.92,22.26,13656562,39156.2,30368977.77,43909.9,58209.3,22772.7,35436.6,18341,16212.5,2128.5,14951.1,24205.1,29506.3,24752.6,-33456.7,68662.5,2447132.17,258214.99,54.04,567.52,11.78,0.6,14.72,12.64,Military,Normal,Military
1991,2.73,2.18E+13,5.90E+11,0.36,609.37,-2.18,18.86,13.01,50.04,9.91,4678023330,97685360,48618590,49066769,44.61,52.18,3.2,37.02,18.62,14347544,50071.7,30368977.77,56045.3,81705,39626,42079,29871.7,25331.2,4540.5,23120.6,26951.1,37428.1,31454.5,-50250.5,87499.8,2447132.17,258214.99,59.53,609.37,0.36,0.7,14.72,12.64,Military,Normal,Military
1992,3.94,2.28E+13,9.06E+11,4.63,519.64,2.02,46.75,44.59,50.77,17.3,1196052750,100182045,49862635,50319410,44.47,52.34,3.2,38.23,18.44,15063806,75970.27,30368977.77,35778.25,171071.02,91112.1,79958.92,71865.93,39725.03,32140.9,36755.53,39214.74,53115.2,93307.19,-77763.84,129085.47,2447132.17,258214.99,52.06,519.64,4.63,3.25,14.72,12.64,Military,Normal,Third
1993,6.2,2.23E+13,1.26E+12,-2.04,551.89,-4.51,41.64,57.17,55.24,22.07,1640443739,102775465,51151537,51623928,44.29,52.52,3.19,33.72,16.33,15759204,94763.52,30368977.77,58300.79,217486.77,90369.06,127117.71,93800.25,49629.09,44171.16,46228.23,48535.29,70575.23,107037.94,-110448.83,165338.75,2447132.17,258214.99,56.72,551.89,-2.04,11,14.72,12.64,Military,Normal,Third
1994,9.73,2.19E+13,1.77E+12,-1.81,762.4,-4.31,43.3,57.03,60.22,22,1649172399,105456121,52479723,52976399,44.11,52.71,3.18,23.06,15.53,16423824,136375.7,30368977.77,47272.44,350821.88,207397.67,143424.21,126024.37,67661.71,58362.66,63405.5,72970.2,93916.89,183020.19,-167801.69,230292.59,2447132.17,258214.99,80.4,762.4,-1.81,11,14.72,12.64,Military,Normal,Military
1995,16.82,2.19E+13,3.10E+12,-0.07,1302.55,-2.6,75.4,72.84,61.94,21.9,1709113521,108187610,53834817,54352793,43.95,52.88,3.16,39.53,16.86,17096371,176150.24,30368977.77,106497.68,365569.46,185564.7,180004.76,154258.5,96210.47,58048.03,89888.87,86261.38,112940.82,182593.39,-182976.07,289091.07,2447132.17,258214.99,140.92,1302.55,-0.07,11,14.72,12.64,Military,Normal,Military
1996,21.75,2.28E+13,4.09E+12,4.2,1673.91,1.6,26.49,29.27,63.55,21.88,4329391828,110956183,55214789,55741393,43.8,53.04,3.15,40.26,20.29,17778253,209943.44,30368977.77,135117.56,414192.96,175596.4,238596.57,168333.83,111269.68,57064.15,103932.12,106011.32,135910.52,210736.4,-203456.57,345853.96,2447132.17,258214.99,185.73,1673.91,4.2,11,17.51,1.65,Military,Normal,Military
1997,23.6,2.35E+13,4.42E+12,2.94,1765.08,0.37,5.06,8.53,65.9,21.89,7781250309,113791181,56625202,57165978,43.66,53.2,3.14,51.46,18.86,18463264,244792.41,30368977.77,214928.02,381592,65384.92,316207.08,289737.44,123351.2,166386.23,113799.9,130992.52,168487.72,198352.1,-183239.9,413280.13,2447132.17,258214.99,200.85,1765.08,2.94,11,18.39,0.15,Military,Normal,Military
1998,25.96,2.41E+13,4.81E+12,2.58,1871.76,0.03,6.01,10,71.91,21.89,7298545693,116690527,58059921,58630607,43.52,53.35,3.13,39.28,12.28,19171015,285800.89,30368977.77,264901.37,404258.72,52302.52,351956.19,190239.78,144807.73,45432.05,130456.95,155343.94,202344.9,223244.41,-181014.3,488145.79,2447132.17,258214.99,218.42,1871.76,2.58,11,19.6,0.42,Military,Normal,Military
1999,27.68,2.42E+13,5.48E+12,0.58,494.13,-1.94,13.43,6.62,75.19,92.34,5649725441,119695565,59544078,60151488,43.42,53.46,3.12,34.46,17.44,19821263,362897.19,30368977.77,626253.09,496001.8,64833.45,431168.36,240541.26,171856.5,68684.76,151985.18,210912.02,266054.97,2699.08,-493302.72,628952.16,2447132.17,258214.99,59.15,494.13,0.58,20,27.02,0.3,Presidency,Normal,Fourth
2000,29.6,2.54E+13,7.06E+12,5.02,563.05,2.32,22.67,6.93,74.71,101.7,10099448198,122851984,61103614,61748370,43.38,53.51,3.11,49,27.6,20572881,509213.16,30368977.77,910874.04,521565.14,-8808.17,530373.3,329699.98,224703.03,104996.95,196886.01,312327.15,369244.12,-32416.77,-553981.91,878457.28,2447132.17,258214.99,69.17,563.05,5.02,22,19.92,0.14,Presidency,Normal,Fourth
2001,35.19,2.69E+13,8.23E+12,5.92,583.09,3.15,10.08,18.87,81.1,111.23,10646598366,126152678,62731941,63420738,43.4,53.5,3.11,49.68,23.12,21309305,758433.91,30368977.77,1337869.86,744484.03,-20477.49,764961.52,484072.76,340493.06,143579.7,287493.06,470940.86,510887.7,-68548.24,-813032.27,1269321.61,2447132.17,258214.99,73.56,583.09,5.92,26,21.7,0.02,Presidency,Normal,Fourth
2002,39.72,3.11E+13,1.15E+13,15.33,733.54,12.28,21.11,12.88,85.71,120.58,7566806239,129583026,64424240,65158785,43.46,53.44,3.1,40.04,24.36,21966925,883161.35,30368977.77,1252953.63,1078520.59,148026.67,930493.92,619116.75,380543.57,238573.18,315106.12,568055.23,622802.15,253009.87,-825510.72,1505963.5,2447132.17,258214.99,95.05,733.54,15.33,30,19.58,0.64,Presidency,Normal,Fourth
2003,45.29,3.33E+13,1.36E+13,7.35,786.8,4.5,9.8,14.03,83.38,129.22,7415087386,133119801,66172940,66946860,43.55,53.36,3.1,49.33,28.1,22757640,1183622.03,30368977.77,1278290.19,1657330.51,560794.94,1096535.57,646368.39,448814.79,197553.59,374623.42,808998.61,769299.16,674631,-982699.51,1952921.19,2447132.17,258214.99,104.74,786.8,7.35,40,15.5,0.02,Presidency,Normal,Fourth
2004,52.08,3.64E+13,1.81E+13,9.25,992.75,6.35,22.37,15,86.49,132.89,17256543969,136756848,67971753,68785095,43.64,53.26,3.09,31.9,36.05,23609489,1230775.73,30368977.77,1916555.1,1934423.31,512759.28,1421664.03,658348.92,471495.42,186853.5,391529.68,839246.06,901043.25,215263.88,-1719159.42,2131818.98,2447132.17,258214.99,135.76,992.75,9.25,55,14.72,12.64,Presidency,Normal,Fourth
2005,61.39,3.88E+13,2.31E+13,6.44,1250.41,3.61,19.86,17.86,87.33,131.27,28632051717,140490722,69820038,70670683,43.75,53.16,3.09,33.06,50.59,24473059,1488883.12,30368977.77,3372615.73,2338835.13,500445.22,1838389.92,742755.91,522210.72,220545.18,444031.16,1044851.96,1149029.62,-734703,-3073538.13,2637912.73,2447132.17,258214.99,175.67,1250.41,6.44,60,14.72,12.64,Presidency,Normal,Fourth
2006,66.44,4.11E+13,3.04E+13,6.06,1652.15,3.24,23.86,8.23,85.91,128.65,42735039033,144329764,71718561,72611203,43.87,53.05,3.09,42.57,61,25288426,2114934.82,30368977.77,5528179.5,2046207.92,-244409.85,2290617.75,800592.96,619325.32,181267.64,527058.79,1587876.02,1682974.14,-1730270.51,-3776478.43,3797908.98,2447132.17,258214.99,238.45,1652.15,6.06,65,17.96,0.06,Presidency,Normal,Fourth
2007,70.02,4.38E+13,3.47E+13,6.59,1876.41,3.74,7.1,5.39,92.88,125.81,51906164586,148294028,73673124,74620905,43.99,52.93,3.08,39.34,69.04,26040057,2729286.22,30368977.77,7095123.18,1145765.08,-2522892.76,3668657.82,944023.95,751823.91,192200.04,585768.16,2143518.07,2398114.47,-1967722.47,-3113487.55,5127400.71,2447132.17,258214.99,278.26,1876.41,6.59,70,20.06,1.62,Presidency,Normal,Fourth
2008,78.12,4.68E+13,4.00E+13,6.76,2227.79,3.9,7.92,11.58,95.14,118.57,53598093557,152382506,75683500,76699005,44.1,52.82,3.08,40.8,94.1,26778413,4202224.98,30368977.77,8074683.52,4010720.43,-2909778.32,6920498.76,1260082.51,944137.98,315944.53,716279.7,3485945.28,3805978.98,-66479.54,-4077199.98,8008203.93,2447132.17,258214.99,339.48,2227.79,6.76,65,9.78,1.29,Presidency,Normal,Fourth
2009,87.92,5.06E+13,4.35E+13,8.04,1883.89,5.13,0.69,12.54,98.7,148.88,43129830238,156595758,77749737,78846020,44.2,52.72,3.08,36.06,60.86,27450737,4559136.99,28736615.22,7661199.31,5919172.48,-3182876.62,9102049.13,1412477.37,1048174.2,364303.16,804854.14,3754282.83,4851975.28,1749912.97,-4169259.51,9411112.24,2243204.49,258214.99,295.01,1883.89,8.04,65,11.83,4.53,Presidency,Normal,Fourth
2010,100,5.46E+13,5.46E+13,8.01,2280.11,5.08,16.34,13.74,98.36,150.3,33305051216,160952853,79886397,81066457,44.27,52.65,3.08,43.32,77.38,28198355,5100220.23,11041152.51,6725454.84,8580091.6,-1576929.57,10157021.18,1606244.06,1121085.98,485158.08,855720.41,4244499.82,5934720.7,4315697.67,-4264393.93,11034940.93,6211.58,258214.99,366.99,2280.11,8.01,65,10.25,3.34,Presidency,Normal,Fourth
2011,110.83,5.75E+13,6.31E+13,5.31,2504.88,2.44,9.78,10.83,95.04,153.86,33691784436,165463745,82099103,83364643,44.33,52.6,3.08,53.28,107.46,28919160,5772542.32,12473093.49,6736501.26,9376913.58,-1283158.25,10660071.84,2012203.38,1393702.14,618501.24,1070733.16,4701809.15,6399947.97,5736592.23,-3640321.36,12172490.28,300603.2,258214.99,414.47,2504.88,5.31,65,30.57,1.8,Presidency,Normal,Fourth
2012,124.37,5.99E+13,7.24E+13,4.23,2728.02,1.4,9.95,12.22,90.28,157.5,44973806132,170075932,84362132,85713800,44.36,52.56,3.07,44.53,109.45,29634351,6621232.88,15347693.29,7990005.22,12993321.55,-1655954.9,14649276.46,2871143.36,1427768,1443375.36,1121739.97,5499492.9,7273933.91,7357910.42,-5635411.13,13895166.78,1452526.51,64553.75,463.97,2728.02,4.23,120,22.71,5.35,Presidency,Normal,Fourth
2013,134.94,6.39E+13,8.10E+13,6.67,2976.76,3.83,4.96,8.5,98.47,157.31,43675023638,174726123,86645192,88080932,44.38,52.55,3.06,31.05,105.87,30274458,6695767.8,17692948.19,9158201.98,13331829.59,-2420007.93,15751837.52,3999711.84,1502341.88,2497369.96,1207736.07,5488031.74,8464522.06,8534746.21,-4797083.38,15160289.86,2532658.33,0,520.12,2976.76,6.67,120,17.83,5.05,Presidency,Normal,Fourth
2014,145.8,6.80E+13,9.01E+13,6.31,3200.95,3.55,4.66,8.05,99.84,158.55,35070259874,179379016,88929439,90449577,44.37,52.59,3.04,30.89,96.29,30934030,7178584.79,20557516.15,7134113.99,17609684.16,478233.64,17131450.52,5028818.55,1569099.61,3459718.94,1290212.58,5888372.21,10500701.76,13423402.16,-4186282.01,17679286.54,2878229.6,0,574.18,3200.95,6.31,120,17.03,1.87,Presidency,Normal,Fourth
2015,158.93,6.98E+13,9.52E+13,2.65,2679.55,0.08,2.86,9.01,101.97,192.44,29011450144,183995785,91192351,92803434,44.31,52.66,3.03,21.33,49.49,31572120,7004042.7,21376118.08,5833541.96,20966622.83,2291155.53,18675467.3,5757681.88,1642821.18,4114860.7,1277148.51,5726894.19,11897260.32,15542576.11,-5424046.71,18901303.01,2474815.07,236697.08,493.03,2679.55,2.65,145,16.95,2.89,Presidency,Normal,Fourth
2016,183.88,6.87E+13,1.03E+14,-1.62,2144.78,-4.05,9.54,15.7,98.18,253.49,28020197619,188666931,93474951,95191980,44.22,52.77,3.02,20.72,40.76,32094498,9608333.29,24568841.21,6766570.43,24740697.53,3657980.9,21082716.63,5429665.91,1791150.21,3297878.95,1463689.6,8144643.69,12016298.36,17802270.78,-6938426.75,21624631.65,2944209.56,340636.75,404.65,2144.78,-1.62,145,12.85,1.97,Presidency,Recession,Fourth
2017,214.23,6.92E+13,1.15E+14,0.81,1941.88,-1.71,11.12,16.5,100.67,305.79,40499220796,193495907,95832952,97662955,44.07,52.92,3.01,26.35,52.51,32655006,10291534.69,28906872.43,9924964.05,27022820.97,4930778.24,22092042.73,5685892.66,1914040.31,3423307.15,1559095.67,8732439.02,12071897.11,18981908.38,-8040912.59,22363431.8,6543440.63,348545.2,375.75,1941.88,0.81,150,16.32,1.83,Presidency,Normal,Fourth
2018,240.14,7.05E+13,1.29E+14,1.92,2125.83,-0.59,10.23,12.1,103.97,306.08,42838869125,198387623,98222504,100165119,43.89,53.1,3.01,33.01,69.78,33239594,10908949.08,30213524.69,17550755.96,26185902.28,3663948.41,22521953.87,6693914.36,1981374.26,4367753.12,1613534.2,9295414.88,14170771.91,12662768.73,-13523133.55,25079720.98,5133803.71,344786.98,421.74,2125.83,1.92,145,10.93,1.98,Presidency,Normal,Fourth
2019,267.51,7.21E+13,1.46E+14,2.21,2334.02,-0.26,10.38,11.4,108.44,306.92,38335890479,203304492,100623652,102680839,43.71,53.28,3.01,34.02,64.04,33873747,11066514.66,34799734.81,15713273.7,33217676.08,8285392.92,24932283.16,7585108.55,2129046.64,5151526.27,1736852.86,9329661.8,16596716.34,19086461.11,-13380765.04,27663231,7136503.81,330971.82,474.52,2334.02,2.21,145,9.92,1.8,Presidency,Normal,Fourth
2020,302.94,7.08E+13,1.54E+14,-1.79,2074.61,-4.16,7.85,13.25,111.48,358.81,36729565818,208327405,103084231,105243174,43.5,53.5,3,16.35,41.47,34420268,12728323.53,36038010.37,7653825.38,39001591.83,9971577.28,29030014.55,12543307.02,2412980.96,10129923.08,2012320.65,10716002.87,19501433.22,28247878.45,3998185.81,33314521.33,2723489.03,317234.17,432.2,2074.61,-1.79,165,14.63,2.98,Presidency,Recession,Fourth
2021,354.3,7.34E+13,1.76E+14,3.65,2065.77,1.18,10.13,16.95,111.54,401.15,40476363167,213401323,105574310,107827012,43.29,53.73,2.98,22.58,69.89,34903075,16424097.15,40370412.32,7550076.29,45398940.72,12553271.34,32845669.38,13018852.45,2884664.24,10142103.32,2425813.78,13998283.37,22837907.3,32820336.02,4678119.71,39955126.37,415285.94,340377.25,440.84,2065.77,3.65,168,14.16,3.28,Presidency,Normal,Fourth
2022,421.07,7.58E+13,2.02E+14,3.25,2162.63,0.82,11.31,18.85,112.91,425.98,35563949955,218541212,108093075,110448136,43.04,53.98,2.97,22.58,100.08,35318413,20364441.74,48464416.53,6315357.56,58362463.16,19407800.56,38954662.59,14451598.38,3239831.2,11211767.19,2726477.76,17637963.98,28057498.85,42179683.11,6882611.86,48421940.59,42475.94,375808.2,472.62,2162.63,3.25,195,11.43,2.75,Presidency,Normal,Fourth
2023,421.07,7.58E+13,2.02E+14,3.25,2162.63,0.82,11.31,18.85,112.91,425.98,35563949955,218541212,108093075,110448136,43.04,53.98,2.97,22.58,82.95,35318413,24145631.77,63446597.22,10189305.37,78538038.7,26347826.43,52190212.27,18996074.5,2465797.87,16530276.63,2138062.12,22007569.65,38810121.84,49491879.08,9934871.45,62955753.61,490843.62,340630.66,472.62,2162.63,3.25,626,14.72,12.64,Presidency,Normal,Fourth
2024,421.07,7.58E+13,2.02E+14,3.25,2162.63,0.82,11.31,18.85,112.91,425.98,35563949955,218541212,108093075,110448136,43.04,53.98,2.97,22.58,81.83,35318413,32035507.62,94872338,25415162.11,99619908.4,24252203.89,75367704.5,23291857.68,3784087.89,19507769.79,3481378.28,28554129.35,62223653.62,69457175.88,10004293.82,94259161.24,613176.75,433229.15,472.62,2162.63,3.25,675,14.72,12.64,Presidency,Normal,Fourth
